Y,SM_T,Str_T,Wr10_T,Wr100_T,Games_T,SM_En,Str_En,Wr10_En,Wr100_En,Games_En
0,2,1.8,0.6127,0.50261,0.567,2,-0.6,0.367,0.503165,0.67
1,1,0.6,0.4282,0.52681,0.969,2,0.25,0.299,0.521169,0.55
